DAY,Section,ROOM1,8 TO 9,ROOM2,9 TO 10,ROOM2,10 to 11,ROOM4,11 TO 12,ROOM5,12 TO 1,ROOM6,1 TO 2
MON,CSE-01,A-DL-008,ML,A-DL-008,AI(L),A-DL-008,AI(L),B-201,CC|SPM,B-201,UHV,B-201,X
TUE,CSE-01,---,X,---,X,---,X,---,X,---,X,---,X
WED,CSE-01,---,X,B-201,X,B-201,AI,A-DL-008,AD,A-DL-008,AD(L),A-DL-008,AD(L)
THU,CSE-01,---,X,B-201,ML,B-201,AI,B-201,UHV,B-201,CC|SPM,B-201,X
FRI,CSE-01,B-201,X,B-201,AI,B-201,CC|SPM,B-201,ML,B-201,UHV,B-201,X
SAT,CSE-01,---,X,B-201,X,B-201,ML,---,X,---,X,---,X
,,,,,,,,,,,,,
DAY,Section,ROOM1,8 TO 9,ROOM2,9 TO 10,ROOM2,10 to 11,ROOM4,11 TO 12,ROOM5,12 TO 1,ROOM6,1 TO 2
MON,CSE-02,---,X,B-201,X,B-201,CC|SPM,B-202,ML,B-202,UHV,B-202,X
TUE,CSE-02,---,X,---,X,---,X,B-201,AI,B-201,UHV,B-201,ML
WED,CSE-02,---,X,---,X,---,X,---,X,---,X,---,X
THU,CSE-02,B-202,X,B-202,ML,B-202,CC|SPM,A-DL-008,AD,A-DL-008,AD(L),A-DL-008,AD(L)
FRI,CSE-02,B-202,AI,B-202,CC|SPM,B-202,UHV,---,X,---,X,---,X
SAT,CSE-02,---,X,B-202,X,B-202,AI,A-DL-006,ML,A-DL-006,AI(L),A-DL-006,AI(L)
,,,,,,,,,,,,,
DAY,Section,ROOM1,8 TO 9,ROOM2,9 TO 10,ROOM2,10 to 11,ROOM4,11 TO 12,ROOM5,12 TO 1,ROOM6,1 TO 2
MON,CSE-03,---,X,---,X,---,X,B-203,ML,B-203,CC|SPM,B-203,AI
TUE,CSE-03,B-201,X,B-201,CC|SPM,B-201,AI,B-202,ML,B-202,UHV,B-202,X
WED,CSE-03,A-DL-008,ML,A-DL-008,AI(L),A-DL-008,AI(L),B-201,AI,B-201,UHV,B-201,X
THU,CSE-03,---,X,---,X,---,X,---,X,---,X,---,X
FRI,CSE-03,---,X,B-203,X,B-203,UHV,A-DL-008,AD,A-DL-008,AD(L),A-DL-008,AD(L)
SAT,CSE-03,---,X,B-203,CC|SPM,B-203,ML,---,X,---,X,---,X
,,,,,,,,,,,,,
DAY,Section,ROOM1,8 TO 9,ROOM2,9 TO 10,ROOM2,10 to 11,ROOM4,11 TO 12,ROOM5,12 TO 1,ROOM6,1 TO 2
MON,CSE-04,---,X,---,X,---,X,B-204,X,B-204,ML,B-204,UHV
TUE,CSE-04,A-DL-102,ML,A-DL-102,AI(L),A-DL-102,AI(L),B-203,CC|SPM,B-203,AI,B-203,X
WED,CSE-04,B-202,AI,B-202,UHV,B-202,CC|SPM,B-202,ML,B-202,X,B-202,X
THU,CSE-04,---,X,B-304,X,B-304,ML,B-202,AI,B-202,UHV,B-202,CC|SPM
FRI,CSE-04,---,X,---,X,---,X,---,X,---,X,---,X
SAT,CSE-04,---,X,---,X,---,X,A-DL-008,AD,A-DL-008,AD(L),A-DL-008,AD(L)
,,,,,,,,,,,,,
DAY,Section,ROOM1,8 TO 9,ROOM2,9 TO 10,ROOM2,10 to 11,ROOM4,11 TO 12,ROOM5,12 TO 1,ROOM6,1 TO 2
MON,CSE-05,---,X,---,X,---,X,A-DL-008,AD,A-DL-008,AD(L),A-DL-008,AD(L)
TUE,CSE-05,---,X,B-203,CC|SPM,B-203,AI,B-204,ML,B-204,X,B-204,X
WED,CSE-05,B-203,X,B-203,AI,B-203,CC|SPM,B-203,ML,B-203,UHV,B-203,X
THU,CSE-05,B-203,X,B-203,ML,B-203,UHV,---,X,---,X,---,X
FRI,CSE-05,A-DL-008,ML,A-DL-008,AI(L),A-DL-008,AI(L),B-202,CC|SPM,B-202,UHV,B-202,AI
SAT,CSE-05,---,X,---,X,---,X,---,X,---,X,---,X
,,,,,,,,,,,,,
DAY,Section,ROOM1,8 TO 9,ROOM2,9 TO 10,ROOM2,10 to 11,ROOM4,11 TO 12,ROOM5,12 TO 1,ROOM6,1 TO 2
MON,CSE-06,---,X,---,X,---,X,---,X,---,X,---,X
TUE,CSE-06,B-204,X,B-204,UHV,B-204,ML,A-DL-008,AD,A-DL-008,AD(L),A-DL-008,AD(L)
WED,CSE-06,B-204,X,B-204,CC|SPM,B-204,AI,---,X,---,X,---,X
THU,CSE-06,---,X,B-204,X,B-204,AI,B-203,ML,B-203,UHV,B-203,X
FRI,CSE-06,---,X,B-204,CC|SPM,B-204,UHV,B-203,AI,B-203,ML,B-203,X
SAT,CSE-06,A-DL-008,ML,A-DL-008,AI(L),A-DL-008,AI(L),B-404,CC|SPM,---,X,---,X
,,,,,,,,,,,,,
DAY,Section,ROOM1,8 TO 9,ROOM2,9 TO 10,ROOM2,10 to 11,ROOM4,11 TO 12,ROOM5,12 TO 1,ROOM6,1 TO 2
MON,CSE-07,WL-101,ML,WL-101,AI(L),WL-101,AI(L),B-205,UHV,B-205,CC|SPM,B-205,AI
TUE,CSE-07,---,X,---,X,---,X,---,X,---,X,---,X
WED,CSE-07,---,X,B-205,X,B-205,UHV,WL-101,AD,WL-101,AD(L),WL-101,AD(L)
THU,CSE-07,B-205,X,B-205,CC|SPM,B-205,ML,---,X,---,X,---,X
FRI,CSE-07,---,X,B-205,X,B-205,CC|SPM,B-204,ML,B-204,AI,B-204,UHV
SAT,CSE-07,---,X,B-205,AI,B-205,ML,---,X,---,X,---,X
,,,,,,,,,,,,,
DAY,Section,ROOM1,8 TO 9,ROOM2,9 TO 10,ROOM2,10 to 11,ROOM4,11 TO 12,ROOM5,12 TO 1,ROOM6,1 TO 2
MON,CSE-08,B-204,X,B-204,CC|SPM,B-204,ML,---,X,---,X,---,X
TUE,CSE-08,---,X,B-305,X,B-305,ML,B-205,AI,B-205,UHV,B-205,CC|SPM
WED,CSE-08,---,X,---,X,---,X,---,X,---,X,---,X
THU,CSE-08,B-206,X,B-206,UHV,B-206,AI,WL-101,AD,WL-101,AD(L),WL-101,AD(L)
FRI,CSE-08,B-206,X,B-206,ML,B-206,UHV,---,X,---,X,---,X
SAT,CSE-08,A-LH-201,AI,A-LH-201,AI(L),A-LH-201,AI(L),B-201,CC|SPM,B-201,ML,B-201,X
,,,,,,,,,,,,,
DAY,Section,ROOM1,8 TO 9,ROOM2,9 TO 10,ROOM2,10 to 11,ROOM4,11 TO 12,ROOM5,12 TO 1,ROOM6,1 TO 2
MON,CSE-09,---,X,B-205,AI,B-205,ML,B-206,UHV,B-206,CC|SPM,B-206,X
TUE,CSE-09,B-205,X,B-205,CC|SPM,B-205,UHV,A-LH-207,ML,---,X,---,X
WED,CSE-09,WL-101,ML,WL-101,AI(L),WL-101,AI(L),B-205,AI,B-205,UHV,B-205,X
THU,CSE-09,---,X,---,X,---,X,---,X,---,X,---,X
FRI,CSE-09,---,X,---,X,---,X,WL-101,AD,WL-101,AD(L),WL-101,AD(L)
SAT,CSE-09,B-301,CC|SPM,B-301,AI,B-301,ML,---,X,---,X,---,X
,,,,,,,,,,,,,
DAY,Section,ROOM1,8 TO 9,ROOM2,9 TO 10,ROOM2,10 to 11,ROOM4,11 TO 12,ROOM5,12 TO 1,ROOM6,1 TO 2
MON,CSE-10,---,X,B-206,X,B-206,CC|SPM,B-301,AI,B-301,ML,B-301,X
TUE,CSE-10,---,X,B-206,AI,B-206,UHV,B-206,ML,B-206,X,B-206,X
WED,CSE-10,B-206,X,B-206,CC|SPM,B-206,AI,B-206,ML,B-206,UHV,B-206,X
THU,CSE-10,WL-101,ML,WL-101,AI(L),WL-101,AI(L),B-204,CC|SPM,B-204,UHV,B-204,X
FRI,CSE-10,---,X,---,X,---,X,---,X,---,X,---,X
SAT,CSE-10,---,X,---,X,---,X,WL-101,AD,WL-101,AD(L),WL-101,AD(L)
,,,,,,,,,,,,,
DAY,Section,ROOM1,8 TO 9,ROOM2,9 TO 10,ROOM2,10 to 11,ROOM4,11 TO 12,ROOM5,12 TO 1,ROOM6,1 TO 2
MON,CSE-11,B-301,X,B-301,UHV,B-301,ML,WL-101,AD,WL-101,AD(L),WL-101,AD(L)
TUE,CSE-11,---,X,B-301,CC|SPM,B-301,ML,B-301,AI,B-301,X,B-301,X
WED,CSE-11,B-301,X,B-301,AI,B-301,CC|SPM,---,X,---,X,---,X
THU,CSE-11,---,X,---,X,---,X,A-LH-201,AI,A-LH-201,ML,A-LH-201,UHV
FRI,CSE-11,WL-101,ML,WL-101,AI(L),WL-101,AI(L),B-205,CC|SPM,B-205,UHV,B-205,X
SAT,CSE-11,---,X,---,X,---,X,---,X,---,X,---,X
,,,,,,,,,,,,,
DAY,Section,ROOM1,8 TO 9,ROOM2,9 TO 10,ROOM2,10 to 11,ROOM4,11 TO 12,ROOM5,12 TO 1,ROOM6,1 TO 2
MON,CSE-12,---,X,---,X,---,X,---,X,---,X,---,X
TUE,CSE-12,B-302,X,B-302,AI,B-302,UHV,WL-101,AD,WL-101,AD(L),WL-101,AD(L)
WED,CSE-12,---,X,A-LH-205,X,A-LH-205,X,B-301,CC|SPM,B-301,UHV,B-301,ML
THU,CSE-12,---,X,B-302,X,B-302,ML,B-205,CC|SPM,B-205,AI,B-205,X
FRI,CSE-12,B-302,ML,B-302,AI,B-302,UHV,---,X,---,X,---,X
SAT,CSE-12,WL-101,ML,WL-101,AI(L),WL-101,AI(L),B-406,CC|SPM,---,X,---,X
,,,,,,,,,,,,,
DAY,Section,ROOM1,8 TO 9,ROOM2,9 TO 10,ROOM2,10 to 11,ROOM4,11 TO 12,ROOM5,12 TO 1,ROOM6,1 TO 2
MON,CSE-13,B-205,ML,WL-102,AI(L),WL-102,AI(L),B-302,AI,B-302,UHV,B-302,X
TUE,CSE-13,---,X,---,X,---,X,---,X,---,X,---,X
WED,CSE-13,---,X,B-302,X,B-302,UHV,WL-102,AD,WL-102,AD(L),WL-102,AD(L)
THU,CSE-13,---,X,---,X,---,X,B-206,AI,B-206,CC|SPM,B-206,ML
FRI,CSE-13,---,X,B-303,AI,B-303,UHV,B-206,ML,B-206,CC|SPM,B-206,X
SAT,CSE-13,---,X,B-302,ML,B-302,CC|SPM,---,X,---,X,---,X
,,,,,,,,,,,,,
DAY,Section,ROOM1,8 TO 9,ROOM2,9 TO 10,ROOM2,10 to 11,ROOM4,11 TO 12,ROOM5,12 TO 1,ROOM6,1 TO 2
MON,CSE-14,B-302,X,B-302,CC|SPM,B-302,UHV,A-LH-207,ML,A-LH-207,AI,A-LH-207,X
TUE,CSE-14,WL-102,ML,WL-102,AI(L),WL-102,AI(L),B-302,AI,B-302,UHV,B-302,X
WED,CSE-14,---,X,---,X,---,X,---,X,---,X,---,X
THU,CSE-14,---,X,---,X,---,X,A-LH-202,CC|SPM,A-LH-202,ML,A-LH-202,X
FRI,CSE-14,B-304,ML,B-304,AI,B-304,CC|SPM,B-301,UHV,B-301,X,B-301,X
SAT,CSE-14,---,X,---,X,---,X,A-DL-001,AD,A-DL-001,AD(L),A-DL-001,AD(L)
,,,,,,,,,,,,,
DAY,Section,ROOM1,8 TO 9,ROOM2,9 TO 10,ROOM2,10 to 11,ROOM4,11 TO 12,ROOM5,12 TO 1,ROOM6,1 TO 2
MON,CSE-15,---,X,B-303,X,B-303,AI,B-303,CC|SPM,B-303,UHV,B-303,ML
TUE,CSE-15,B-303,X,B-303,UHV,B-303,CC|SPM,A-LH-201,ML,---,X,---,X
WED,CSE-15,B-205,ML,WL-102,AI(L),WL-102,AI(L),B-302,AI,B-302,UHV,B-302,X
THU,CSE-15,---,X,---,X,---,X,---,X,---,X,---,X
FRI,CSE-15,---,X,B-305,X,B-305,ML,A-LH-202,AD,WL-102,AD(L),WL-102,AD(L)
SAT,CSE-15,---,X,B-303,AI,B-303,CC|SPM,---,X,---,X,---,X
,,,,,,,,,,,,,
DAY,Section,ROOM1,8 TO 9,ROOM2,9 TO 10,ROOM2,10 to 11,ROOM4,11 TO 12,ROOM5,12 TO 1,ROOM6,1 TO 2
MON,CSE-16,B-304,ML,B-304,AI,B-304,CC|SPM,---,X,---,X,---,X
TUE,CSE-16,B-304,X,B-304,UHV,B-304,CC|SPM,B-303,AI,B-303,ML,B-303,X
WED,CSE-16,B-303,X,B-303,AI,B-303,UHV,---,X,---,X,---,X
THU,CSE-16,---,X,B-305,X,B-305,UHV,A-DL-002,ML,A-DL-002,AI(L),A-DL-002,AI(L)
FRI,CSE-16,---,X,---,X,---,X,---,X,---,X,---,X
SAT,CSE-16,B-203,AD,WL-102,AD(L),WL-102,AD(L),A-LH-003,ML,A-LH-003,CC|SPM,A-LH-003,X
,,,,,,,,,,,,,
DAY,Section,ROOM1,8 TO 9,ROOM2,9 TO 10,ROOM2,10 to 11,ROOM4,11 TO 12,ROOM5,12 TO 1,ROOM6,1 TO 2
MON,CSE-17,---,X,B-305,X,B-305,ML,WL-102,AD,WL-102,AD(L),WL-102,AD(L)
TUE,CSE-17,---,X,---,X,---,X,B-304,ML,B-304,CC|SPM,B-304,AI
WED,CSE-17,B-304,X,B-304,CC|SPM,B-304,UHV,---,X,---,X,---,X
THU,CSE-17,B-306,ML,B-306,AI,B-306,CC|SPM,A-LH-204,UHV,A-LH-204,X,A-LH-204,X
FRI,CSE-17,B-204,ML,WL-102,AI(L),WL-102,AI(L),B-302,AI,B-302,UHV,B-302,X
SAT,CSE-17,---,X,---,X,---,X,---,X,---,X,---,X
,,,,,,,,,,,,,
DAY,Section,ROOM1,8 TO 9,ROOM2,9 TO 10,ROOM2,10 to 11,ROOM4,11 TO 12,ROOM5,12 TO 1,ROOM6,1 TO 2
MON,CSE-18,---,X,---,X,---,X,---,X,---,X,---,X
TUE,CSE-18,---,X,B-306,AI,B-306,UHV,A-LH-202,AD,WL-102,AD(L),WL-102,AD(L)
WED,CSE-18,---,X,B-305,ML,B-305,CC|SPM,B-303,AI,B-303,X,B-303,X
THU,CSE-18,B-401,CC|SPM,B-401,ML,B-401,UHV,---,X,---,X,---,X
FRI,CSE-18,---,X,B-306,X,B-306,AI,B-303,CC|SPM,B-303,UHV,B-303,ML
SAT,CSE-18,A-DL-002,ML,A-DL-002,AI(L),A-DL-002,AI(L),---,X,---,X,---,X
,,,,,,,,,,,,,
DAY,Section,ROOM1,8 TO 9,ROOM2,9 TO 10,ROOM2,10 to 11,ROOM4,11 TO 12,ROOM5,12 TO 1,ROOM6,1 TO 2
MON,CSE-19,A-DL-002,ML,A-DL-002,AI(L),A-DL-002,AI(L),B-304,CC|SPM,B-304,UHV,B-304,X
TUE,CSE-19,---,X,---,X,---,X,---,X,---,X,---,X
WED,CSE-19,---,X,B-306,X,B-306,UHV,A-DL-002,AD,A-DL-002,AD(L),A-DL-002,AD(L)
THU,CSE-19,---,X,B-402,CC|SPM,B-402,AI,B-301,ML,B-301,X,B-301,X
FRI,CSE-19,B-401,X,B-401,AI,B-401,CC|SPM,B-304,ML,B-304,UHV,B-304,X
SAT,CSE-19,---,X,B-304,X,B-304,ML,A-LH-005,AI,---,X,---,X
,,,,,,,,,,,,,
DAY,Section,ROOM1,8 TO 9,ROOM2,9 TO 10,ROOM2,10 to 11,ROOM4,11 TO 12,ROOM5,12 TO 1,ROOM6,1 TO 2
MON,CSE-20,---,X,---,X,---,X,B-305,UHV,B-305,CC|SPM,B-305,X
TUE,CSE-20,A-DL-002,ML,A-DL-002,AI(L),A-DL-002,AI(L),B-305,AI,B-305,UHV,B-305,X
WED,CSE-20,---,X,---,X,---,X,---,X,---,X,---,X
THU,CSE-20,---,X,B-403,X,B-403,ML,A-DL-102,AD,A-DL-102,AD(L),A-DL-102,AD(L)
FRI,CSE-20,---,X,B-402,CC|SPM,B-402,ML,B-305,AI,B-305,UHV,B-305,X
SAT,CSE-20,---,X,B-305,X,B-305,CC|SPM,B-203,AI,B-203,ML,B-203,X
,,,,,,,,,,,,,
DAY,Section,ROOM1,8 TO 9,ROOM2,9 TO 10,ROOM2,10 to 11,ROOM4,11 TO 12,ROOM5,12 TO 1,ROOM6,1 TO 2
MON,CSE-21,---,X,B-401,X,B-401,CC|SPM,B-306,UHV,B-306,ML,B-306,AI
TUE,CSE-21,B-401,X,B-401,CC|SPM,B-401,AI,B-306,ML,B-306,UHV,B-306,X
WED,CSE-21,A-DL-002,ML,A-DL-002,AI(L),A-DL-002,AI(L),B-304,CC|SPM,B-304,UHV,B-304,X
THU,CSE-21,---,X,---,X,---,X,---,X,---,X,---,X
FRI,CSE-21,---,X,---,X,---,X,A-DL-002,AD,A-DL-002,AD(L),A-DL-002,AD(L)
SAT,CSE-21,---,X,B-306,X,B-306,AI,A-LH-009,ML,---,X,---,X
,,,,,,,,,,,,,
DAY,Section,ROOM1,8 TO 9,ROOM2,9 TO 10,ROOM2,10 to 11,ROOM4,11 TO 12,ROOM5,12 TO 1,ROOM6,1 TO 2
MON,CSE-22,B-402,X,B-402,CC|SPM,B-402,UHV,---,X,---,X,---,X
TUE,CSE-22,---,X,B-402,X,B-402,X,B-401,AI,B-401,CC|SPM,B-401,ML
WED,CSE-22,B-401,ML,B-401,CC|SPM,B-401,UHV,---,X,---,X,---,X
THU,CSE-22,B-204,ML,WL-102,AI(L),WL-102,AI(L),B-302,AI,B-302,UHV,B-302,X
FRI,CSE-22,---,X,---,X,---,X,---,X,---,X,---,X
SAT,CSE-22,---,X,B-401,ML,B-401,AI,A-LH-010,AD,WL-102,AD(L),WL-102,AD(L)
,,,,,,,,,,,,,
DAY,Section,ROOM1,8 TO 9,ROOM2,9 TO 10,ROOM2,10 to 11,ROOM4,11 TO 12,ROOM5,12 TO 1,ROOM6,1 TO 2
MON,CSE-23,---,X,B-403,X,B-403,ML,A-DL-002,AD,A-DL-002,AD(L),A-DL-002,AD(L)
TUE,CSE-23,---,X,---,X,---,X,B-402,ML,B-402,AI,B-402,CC|SPM
WED,CSE-23,B-402,X,B-402,CC|SPM,B-402,AI,B-305,ML,B-305,UHV,B-305,X
THU,CSE-23,---,X,---,X,---,X,B-303,UHV,B-303,ML,B-303,AI
FRI,CSE-23,A-DL-002,CC|SPM,A-DL-002,AI(L),A-DL-002,AI(L),B-306,UHV,B-306,X,B-306,X
SAT,CSE-23,---,X,---,X,---,X,---,X,---,X,---,X
,,,,,,,,,,,,,
DAY,Section,ROOM1,8 TO 9,ROOM2,9 TO 10,ROOM2,10 to 11,ROOM4,11 TO 12,ROOM5,12 TO 1,ROOM6,1 TO 2
MON,CSE-24,---,X,---,X,---,X,---,X,---,X,---,X
TUE,CSE-24,B-404,X,B-404,AI,B-404,UHV,A-DL-002,AD,A-DL-002,AD(L),A-DL-002,AD(L)
WED,CSE-24,---,X,B-403,X,B-403,CC|SPM,B-306,ML,B-306,X,B-306,X
THU,CSE-24,---,X,B-404,X,B-404,AI,B-304,UHV,B-304,CC|SPM,B-304,ML
FRI,CSE-24,---,X,B-404,ML,B-404,UHV,---,X,---,X,---,X
SAT,CSE-24,A-DL-102,ML,A-DL-102,AI(L),A-DL-102,AI(L),B-204,CC|SPM,B-204,AI,B-204,X
,,,,,,,,,,,,,
DAY,Section,ROOM1,8 TO 9,ROOM2,9 TO 10,ROOM2,10 to 11,ROOM4,11 TO 12,ROOM5,12 TO 1,ROOM6,1 TO 2
MON,CSE-25,---,X,B-404,X,B-404,UHV,A-DL-102,ML,A-DL-102,AI(L),A-DL-102,AI(L)
TUE,CSE-25,---,X,---,X,---,X,---,X,---,X,---,X
WED,CSE-25,A-DL-102,AD,A-DL-102,AD(L),A-DL-102,AD(L),B-401,UHV,B-401,AI,B-401,X
THU,CSE-25,---,X,B-405,X,B-405,ML,B-305,AI,B-305,CC|SPM,B-305,X
FRI,CSE-25,---,X,B-405,UHV,B-405,AI,B-401,ML,B-401,CC|SPM,B-401,X
SAT,CSE-25,---,X,---,X,---,X,B-205,ML,B-205,CC|SPM,B-205,X
,,,,,,,,,,,,,
DAY,Section,ROOM1,8 TO 9,ROOM2,9 TO 10,ROOM2,10 to 11,ROOM4,11 TO 12,ROOM5,12 TO 1,ROOM6,1 TO 2
MON,CSE-26,B-405,X,B-405,AI,B-405,CC|SPM,B-401,ML,B-401,UHV,B-401,X
TUE,CSE-26,---,X,B-403,X,B-403,X,B-403,AI,B-403,UHV,B-403,ML
WED,CSE-26,---,X,---,X,---,X,---,X,---,X,---,X
THU,CSE-26,---,X,---,X,---,ML,A-DL-108,AD,A-DL-108,AD(L),A-DL-108,AD(L)
FRI,CSE-26,B-406,CC|SPM,B-406,ML,B-406,UHV,---,X,---,X,---,X
SAT,CSE-26,A-LH-202,AI,A-LH-202,AI(L),A-LH-202,AI(L),B-206,CC|SPM,---,X,---,X
,,,,,,,,,,,,,
DAY,Section,ROOM1,8 TO 9,ROOM2,9 TO 10,ROOM2,10 to 11,ROOM4,11 TO 12,ROOM5,12 TO 1,ROOM6,1 TO 2
MON,CSE-27,---,X,B-406,X,B-406,AI,B-402,UHV,B-402,CC|SPM,B-402,ML
TUE,CSE-27,---,X,B-405,X,B-405,UHV,B-404,ML,B-404,CC|SPM,B-404,X
WED,CSE-27,A-DL-108,ML,A-DL-108,AI(L),A-DL-108,AI(L),B-402,AI,B-402,UHV,B-402,X
THU,CSE-27,---,X,---,X,---,X,---,X,---,X,---,X
FRI,CSE-27,---,X,B-301,X,B-301,ML,A-DL-102,AD,A-DL-102,AD(L),A-DL-102,AD(L)
SAT,CSE-27,---,X,B-403,AI,B-403,CC|SPM,---,X,---,X,---,X
,,,,,,,,,,,,,
DAY,Section,ROOM1,8 TO 9,ROOM2,9 TO 10,ROOM2,10 to 11,ROOM4,11 TO 12,ROOM5,12 TO 1,ROOM6,1 TO 2
MON,CSE-28,---,X,A-LH-003,ML,A-LH-003,AI,B-403,CC|SPM,B-403,X,B-403,X
TUE,CSE-28,---,X,B-406,UHV,B-406,AI,B-405,CC|SPM,B-405,X,B-405,X
WED,CSE-28,---,X,B-404,X,B-404,CC|SPM,B-403,ML,B-403,UHV,B-403,X
THU,CSE-28,---,X,A-DL-002,AI(L),A-DL-002,AI(L),B-306,AI,B-306,ML,B-306,UHV
FRI,CSE-28,---,X,---,X,---,X,---,X,---,X,---,X
SAT,CSE-28,---,X,B-404,X,B-404,ML,A-DL-002,AD,A-DL-002,AD(L),A-DL-002,AD(L)
,,,,,,,,,,,,,
DAY,Section,ROOM1,8 TO 9,ROOM2,9 TO 10,ROOM2,10 to 11,ROOM4,11 TO 12,ROOM5,12 TO 1,ROOM6,1 TO 2
MON,CSE-29,---,X,A-LH-004,ML,A-LH-004,AI,A-DL-108,AD,A-DL-108,AD(L),A-DL-108,AD(L)
TUE,CSE-29,---,X,---,X,---,X,B-406,CC|SPM,B-406,AI,B-406,X
WED,CSE-29,B-405,X,B-405,AI,B-405,CC|SPM,B-404,ML,B-404,UHV,B-404,X
THU,CSE-29,---,X,A-LH-003,X,A-LH-003,X,B-401,UHV,B-401,ML,B-401,X
FRI,CSE-29,A-DL-102,ML,A-DL-102,AI(L),A-DL-102,AI(L),B-402,CC|SPM,B-402,UHV,B-402,X
SAT,CSE-29,---,X,---,X,---,X,---,X,---,X,---,X
,,,,,,,,,,,,,
DAY,Section,ROOM1,8 TO 9,ROOM2,9 TO 10,ROOM2,10 to 11,ROOM4,11 TO 12,ROOM5,12 TO 1,ROOM6,1 TO 2
MON,CSE-30,---,X,---,X,---,X,---,X,---,X,---,X
TUE,CSE-30,---,X,A-LH-004,X,A-LH-004,ML,A-DL-102,AD,A-DL-102,AD(L),A-DL-102,AD(L)
WED,CSE-30,B-406,ML,B-406,AI,B-406,CC|SPM,B-405,UHV,---,X,---,X
THU,CSE-30,---,X,A-LH-004,X,A-LH-004,UHV,---,X,---,X,---,X
FRI,CSE-30,---,X,A-LH-004,ML,A-LH-004,AI,B-403,CC|SPM,B-403,UHV,B-403,X
SAT,CSE-30,A-DL-108,AI,A-DL-108,AI(L),A-DL-108,AI(L),B-301,ML,B-301,CC|SPM,B-301,X
,,,,,,,,,,,,,
DAY,Section,ROOM1,8 TO 9,ROOM2,9 TO 10,ROOM2,10 to 11,ROOM4,11 TO 12,ROOM5,12 TO 1,ROOM6,1 TO 2
MON,CSE-31,A-DL-102,ML,A-DL-102,AI(L),A-DL-102,AI(L),B-404,AI,B-404,UHV,B-404,X
TUE,CSE-31,---,X,---,X,---,X,---,X,---,X,---,X
WED,CSE-31,A-LH-003,X,A-LH-003,UHV,A-LH-003,CC|SPM,A-DL-102,AD,A-DL-102,AD(L),A-DL-102,AD(L)
THU,CSE-31,---,X,A-LH-005,X,A-LH-005,AI,B-402,ML,B-402,CC|SPM,B-402,X
FRI,CSE-31,---,X,A-LH-005,X,A-LH-005,AI,B-404,ML,B-404,UHV,B-404,X
SAT,CSE-31,---,X,---,X,---,X,---,X,B-302,CC|SPM,B-302,ML
,,,,,,,,,,,,,
DAY,Section,ROOM1,8 TO 9,ROOM2,9 TO 10,ROOM2,10 to 11,ROOM4,11 TO 12,ROOM5,12 TO 1,ROOM6,1 TO 2
MON,CSE-32,---,X,A-LH-005,X,A-LH-005,CC|SPM,B-405,AI,B-405,ML,B-405,UHV
TUE,CSE-32,A-DL-108,ML,A-DL-108,AI(L),A-DL-108,AI(L),---,X,---,X,---,X
WED,CSE-32,---,X,---,X,---,X,---,X,---,X,---,X
THU,CSE-32,A-LH-009,X,A-LH-009,UHV,A-LH-009,AI,A-DL-101,AD,A-DL-101,AD(L),A-DL-101,AD(L)
FRI,CSE-32,---,X,A-LH-009,CC|SPM,A-LH-009,ML,B-405,UHV,B-405,AI,B-405,X
SAT,CSE-32,---,X,---,X,---,X,B-303,CC|SPM,B-303,ML,B-303,X
,,,,,,,,,,,,,
DAY,Section,ROOM1,8 TO 9,ROOM2,9 TO 10,ROOM2,10 to 11,ROOM4,11 TO 12,ROOM5,12 TO 1,ROOM6,1 TO 2
MON,CSE-33,---,X,A-LH-009,X,A-LH-009,AI,B-406,UHV,B-406,CC|SPM,B-406,ML
TUE,CSE-33,A-LH-005,ML,A-LH-005,CC|SPM,A-LH-005,UHV,---,X,---,X,---,X
WED,CSE-33,A-DL-101,X,A-DL-101,AI(L),A-DL-101,AI(L),B-406,AI,B-406,UHV,B-406,ML
THU,CSE-33,---,X,---,X,---,X,---,X,---,X,---,X
FRI,CSE-33,---,X,A-LH-010,X,A-LH-010,ML,A-DL-108,AD,A-DL-108,AD(L),A-DL-108,AD(L)
SAT,CSE-33,B-405,CC|SPM,B-405,AI,B-405,X,---,X,---,X,---,X
,,,,,,,,,,,,,
DAY,Section,ROOM1,8 TO 9,ROOM2,9 TO 10,ROOM2,10 to 11,ROOM4,11 TO 12,ROOM5,12 TO 1,ROOM6,1 TO 2
MON,CSE-34,---,X,A-LH-010,X,A-LH-010,AI,A-LH-003,CC|SPM,A-LH-003,ML,A-LH-003,X
TUE,CSE-34,---,X,A-LH-009,X,A-LH-009,X,A-LH-003,AI,A-LH-003,UHV,A-LH-003,X
WED,CSE-34,---,X,A-LH-004,X,A-LH-004,UHV,A-LH-003,ML,A-LH-003,CC|SPM,A-LH-003,AI
THU,CSE-34,---,X,A-DL-102,AI(L),A-DL-102,AI(L),B-403,ML,B-403,UHV,B-403,CC|SPM
FRI,CSE-34,---,X,---,X,---,X,---,X,---,X,---,X
SAT,CSE-34,---,X,B-406,X,B-406,ML,A-DL-102,AD,A-DL-102,AD(L),A-DL-102,AD(L)
,,,,,,,,,,,,,
DAY,Section,ROOM1,8 TO 9,ROOM2,9 TO 10,ROOM2,10 to 11,ROOM4,11 TO 12,ROOM5,12 TO 1,ROOM6,1 TO 2
MON,CSE-35,---,X,A-LH-104,CC|SPM,A-LH-104,ML,A-DL-101,AD,A-DL-101,AD(L),A-DL-101,AD(L)
TUE,CSE-35,A-LH-010,X,A-LH-010,CC|SPM,A-LH-010,AI,---,X,---,X,---,X
WED,CSE-35,---,X,A-LH-005,X,A-LH-005,CC|SPM,A-LH-004,ML,A-LH-004,UHV,A-LH-004,X
THU,CSE-35,---,X,A-LH-010,ML,A-LH-010,UHV,B-404,AI,---,X,---,X
FRI,CSE-35,A-DL-108,ML,A-DL-108,AI(L),A-DL-108,AI(L),B-406,UHV,B-406,AI,B-406,X
SAT,CSE-35,---,X,---,X,---,X,---,X,---,X,---,X
,,,,,,,,,,,,,
DAY,Section,ROOM1,8 TO 9,ROOM2,9 TO 10,ROOM2,10 to 11,ROOM4,11 TO 12,ROOM5,12 TO 1,ROOM6,1 TO 2
MON,CSE-36,---,X,---,X,---,X,---,X,---,X,---,X
TUE,CSE-36,---,X,A-LH-104,X,A-LH-104,UHV,A-DL-108,AD,A-DL-108,AD(L),A-DL-108,AD(L)
WED,CSE-36,---,X,---,X,---,X,A-LH-005,AI,A-LH-005,CC|SPM,A-LH-005,ML
THU,CSE-36,---,X,A-LH-104,X,A-LH-104,UHV,B-405,ML,B-405,CC|SPM,B-405,AI
FRI,CSE-36,---,X,A-LH-104,X,A-LH-104,AI,A-LH-003,UHV,A-LH-003,ML,A-LH-003,CC|SPM
SAT,CSE-36,A-DL-101,ML,A-DL-101,AI(L),A-DL-101,AI(L),---,X,---,X,---,X
,,,,,,,,,,,,,
DAY,Section,ROOM1,8 TO 9,ROOM2,9 TO 10,ROOM2,10 to 11,ROOM4,11 TO 12,ROOM5,12 TO 1,ROOM6,1 TO 2
MON,CSE-37,B-303,ML,A-DL-108,AI(L),A-DL-108,AI(L),A-LH-004,AI,A-LH-004,X,A-LH-004,X
TUE,CSE-37,---,X,---,X,---,X,---,X,---,X,---,X
WED,CSE-37,---,X,A-LH-010,X,A-LH-010,UHV,A-DL-108,AD,A-DL-108,AD(L),A-DL-108,AD(L)
THU,CSE-37,A-LH-105,AI,A-LH-105,ML,A-LH-105,CC|SPM,B-406,UHV,B-406,X,B-406,X
FRI,CSE-37,A-LH-105,CC|SPM,A-LH-105,UHV,A-LH-105,ML,---,X,---,X,---,X
SAT,CSE-37,---,X,A-LH-003,X,A-LH-003,AI,B-304,CC|SPM,B-304,ML,B-304,X
,,,,,,,,,,,,,
DAY,Section,ROOM1,8 TO 9,ROOM2,9 TO 10,ROOM2,10 to 11,ROOM4,11 TO 12,ROOM5,12 TO 1,ROOM6,1 TO 2
MON,CSE-38,---,X,A-LH-105,ML,A-LH-105,AI,A-LH-005,UHV,A-LH-005,CC|SPM,A-LH-005,X
TUE,CSE-38,A-DL-101,ML,A-DL-101,AI(L),A-DL-101,AI(L),---,X,---,X,---,X
WED,CSE-38,---,X,---,X,---,X,---,X,---,X,---,X
THU,CSE-38,A-LH-107,X,A-LH-107,AI,A-LH-107,UHV,A-DL-106,AD,A-DL-106,AD(L),A-DL-106,AD(L)
FRI,CSE-38,A-LH-107,CC|SPM,A-LH-107,ML,A-LH-107,AI,A-LH-004,UHV,A-LH-004,X,A-LH-004,X
SAT,CSE-38,---,X,A-LH-004,X,A-LH-004,CC|SPM,A-LH-107,ML,---,X,---,X
,,,,,,,,,,,,,
DAY,Section,ROOM1,8 TO 9,ROOM2,9 TO 10,ROOM2,10 to 11,ROOM4,11 TO 12,ROOM5,12 TO 1,ROOM6,1 TO 2
MON,CSE-39,---,X,A-LH-107,UHV,A-LH-107,X,---,X,---,X,---,X
TUE,CSE-39,A-LH-105,AI,A-LH-105,ML,A-LH-105,CC|SPM,A-LH-004,UHV,A-LH-004,X,A-LH-004,X
WED,CSE-39,---,X,A-DL-106,AI(L),A-DL-106,AI(L),A-LH-009,ML,A-LH-009,CC|SPM,A-LH-009,AI
THU,CSE-39,---,X,---,X,---,X,---,X,---,X,---,X
FRI,CSE-39,A-LH-109,X,A-LH-109,UHV,A-LH-109,ML,A-DL-101,AD,A-DL-101,AD(L),A-DL-101,AD(L)
SAT,CSE-39,---,X,A-LH-005,ML,A-LH-005,AI,A-LH-109,CC|SPM,---,X,---,X
,,,,,,,,,,,,,
DAY,Section,ROOM1,8 TO 9,ROOM2,9 TO 10,ROOM2,10 to 11,ROOM4,11 TO 12,ROOM5,12 TO 1,ROOM6,1 TO 2
MON,CSE-40,---,X,---,X,---,X,A-LH-009,CC|SPM,A-LH-009,UHV,A-LH-009,ML
TUE,CSE-40,---,X,A-LH-107,CC|SPM,A-LH-107,AI,A-LH-005,ML,A-LH-005,X,A-LH-005,X
WED,CSE-40,A-LH-104,X,A-LH-104,UHV,A-LH-104,ML,---,X,---,X,---,X
THU,CSE-40,A-DL-108,ML,A-DL-108,AI(L),A-DL-108,AI(L),A-LH-003,AI,A-LH-003,UHV,A-LH-003,X
FRI,CSE-40,---,X,---,X,---,X,---,X,---,X,---,X
SAT,CSE-40,---,X,A-LH-009,CC|SPM,A-LH-009,AI,A-DL-108,AD,A-DL-108,AD(L),A-DL-108,AD(L)
,,,,,,,,,,,,,
DAY,Section,ROOM1,8 TO 9,ROOM2,9 TO 10,ROOM2,10 to 11,ROOM4,11 TO 12,ROOM5,12 TO 1,ROOM6,1 TO 2
MON,CSE-41,---,X,A-LH-110,X,A-LH-110,ML,A-DL-106,AD,A-DL-106,AD(L),A-DL-106,AD(L)
TUE,CSE-41,---,X,A-LH-109,X,A-LH-109,ML,A-LH-009,CC|SPM,A-LH-009,AI,A-LH-009,X
WED,CSE-41,---,X,A-LH-105,CC|SPM,A-LH-105,AI,A-LH-010,ML,A-LH-010,UHV,A-LH-010,X
THU,CSE-41,---,X,A-LH-109,ML,A-LH-109,UHV,---,X,---,X,---,X
FRI,CSE-41,A-DL-101,X,A-DL-101,AI(L),A-DL-101,AI(L),A-LH-005,AI,A-LH-005,UHV,A-LH-005,CC|SPM
SAT,CSE-41,---,X,---,X,---,X,---,X,---,X,---,X
,,,,,,,,,,,,,
DAY,Section,ROOM1,8 TO 9,ROOM2,9 TO 10,ROOM2,10 to 11,ROOM4,11 TO 12,ROOM5,12 TO 1,ROOM6,1 TO 2
MON,CSE-42,---,X,---,X,---,X,---,X,---,X,---,X
TUE,CSE-42,---,X,A-LH-110,X,A-LH-110,ML,A-DL-101,AD,A-DL-101,AD(L),A-DL-101,AD(L)
WED,CSE-42,---,X,A-LH-107,X,A-LH-107,ML,A-LH-104,CC|SPM,A-LH-104,UHV,A-LH-104,X
THU,CSE-42,---,X,A-LH-110,X,A-LH-110,CC|SPM,A-LH-004,UHV,A-LH-004,AI,A-LH-004,X
FRI,CSE-42,---,X,A-LH-110,ML,A-LH-110,UHV,A-LH-009,AI,A-LH-009,CC|SPM,A-LH-009,X
SAT,CSE-42,A-DL-106,ML,A-DL-106,AI(L),A-DL-106,AI(L),A-LH-206,AI,---,X,---,X
,,,,,,,,,,,,,
DAY,Section,ROOM1,8 TO 9,ROOM2,9 TO 10,ROOM2,10 to 11,ROOM4,11 TO 12,ROOM5,12 TO 1,ROOM6,1 TO 2
MON,CSE-43,---,X,A-LH-206,X,A-LH-206,UHV,WL-103,ML,WL-103,AI(L),WL-103,AI(L)
TUE,CSE-43,---,X,---,X,---,X,---,X,---,X,---,X
WED,CSE-43,B-403,AD,WL-103,AD(L),WL-103,AD(L),A-LH-105,UHV,A-LH-105,CC|SPM,A-LH-105,X
THU,CSE-43,A-LH-206,X,A-LH-206,CC|SPM,A-LH-206,ML,A-LH-205,AI,---,X,---,X
FRI,CSE-43,A-LH-206,ML,A-LH-206,UHV,A-LH-206,AI,---,X,---,X,---,X
SAT,CSE-43,---,X,A-LH-010,ML,A-LH-010,CC|SPM,A-LH-207,AI,---,X,---,X
,,,,,,,,,,,,,
DAY,Section,ROOM1,8 TO 9,ROOM2,9 TO 10,ROOM2,10 to 11,ROOM4,11 TO 12,ROOM5,12 TO 1,ROOM6,1 TO 2
MON,CSE-44,A-LH-207,X,A-LH-207,CC|SPM,A-LH-207,UHV,---,X,---,X,---,X
TUE,CSE-44,A-DL-106,ML,A-DL-106,AI(L),A-DL-106,AI(L),A-LH-010,AI,A-LH-010,UHV,A-LH-010,X
WED,CSE-44,---,X,---,X,---,X,---,X,---,X,---,X
THU,CSE-44,A-LH-207,X,A-LH-207,ML,A-LH-207,AI,WL-103,AD,WL-103,AD(L),WL-103,AD(L)
FRI,CSE-44,---,X,A-LH-207,UHV,A-LH-207,CC|SPM,A-LH-010,ML,A-LH-010,X,A-LH-010,X
SAT,CSE-44,---,X,---,X,---,X,B-305,CC|SPM,B-305,ML,B-305,AI
,,,,,,,,,,,,,
DAY,Section,ROOM1,8 TO 9,ROOM2,9 TO 10,ROOM2,10 to 11,ROOM4,11 TO 12,ROOM5,12 TO 1,ROOM6,1 TO 2
MON,CSE-45,---,X,A-LH-103,X,A-LH-103,AI,A-LH-010,ML,A-LH-010,CC|SPM,A-LH-010,X
TUE,CSE-45,A-LH-206,X,A-LH-206,ML,A-LH-206,UHV,---,X,---,X,---,X
WED,CSE-45,B-404,UHV,WL-104,AI(L),WL-104,AI(L),A-LH-107,ML,A-LH-107,AI,A-LH-107,X
THU,CSE-45,---,X,---,X,---,X,---,X,---,X,---,X
FRI,CSE-45,A-LH-103,X,A-LH-103,CC|SPM,A-LH-103,UHV,A-DL-106,AD,A-DL-106,AD(L),A-DL-106,AD(L)
SAT,CSE-45,---,X,A-LH-104,ML,A-LH-104,CC|SPM,A-LH-103,AI,---,X,---,X
,,,,,,,,,,,,,
DAY,Section,ROOM1,8 TO 9,ROOM2,9 TO 10,ROOM2,10 to 11,ROOM4,11 TO 12,ROOM5,12 TO 1,ROOM6,1 TO 2
MON,CSE-46,A-LH-201,AI,A-LH-201,CC|SPM,A-LH-201,ML,---,X,---,X,---,X
TUE,CSE-46,---,X,A-LH-207,X,A-LH-207,UHV,A-LH-104,CC|SPM,A-LH-104,ML,A-LH-104,X
WED,CSE-46,A-LH-109,X,A-LH-109,CC|SPM,A-LH-109,AI,A-LH-109,UHV,---,X,---,X
THU,CSE-46,B-201,ML,A-DL-101,AI(L),A-DL-101,AI(L),A-LH-005,AI,A-LH-005,UHV,A-LH-005,X
FRI,CSE-46,---,X,---,X,---,X,---,X,---,X,---,X
SAT,CSE-46,---,X,A-LH-105,X,A-LH-105,ML,A-DL-101,AD,A-DL-101,AD(L),A-DL-101,AD(L)
,,,,,,,,,,,,,
DAY,Section,ROOM1,8 TO 9,ROOM2,9 TO 10,ROOM2,10 to 11,ROOM4,11 TO 12,ROOM5,12 TO 1,ROOM6,1 TO 2
MON,CSE-47,---,X,A-LH-202,X,A-LH-202,ML,WL-104,AD,WL-104,AD(L),WL-104,AD(L)
TUE,CSE-47,---,X,A-LH-103,X,A-LH-103,CC|SPM,A-LH-105,AI,A-LH-105,UHV,A-LH-105,X
WED,CSE-47,A-LH-110,X,A-LH-110,CC|SPM,A-LH-110,AI,A-LH-110,ML,A-LH-110,UHV,A-LH-110,X
THU,CSE-47,---,X,A-LH-103,ML,A-LH-103,UHV,A-LH-009,CC|SPM,A-LH-009,AI,A-LH-009,X
FRI,CSE-47,A-DL-106,ML,A-DL-106,AI(L),A-DL-106,AI(L),---,X,---,X,---,X
SAT,CSE-47,---,X,---,X,---,X,---,X,---,X,---,X
,,,,,,,,,,,,,
DAY,Section,ROOM1,8 TO 9,ROOM2,9 TO 10,ROOM2,10 to 11,ROOM4,11 TO 12,ROOM5,12 TO 1,ROOM6,1 TO 2
MON,CSE-48,---,X,---,X,---,X,---,X,---,X,---,X
TUE,CSE-48,B-403,AD,WL-103,AD(L),WL-103,AD(L),---,X,---,X,---,X
WED,CSE-48,---,X,A-LH-206,UHV,A-LH-206,AI,A-LH-206,ML,A-LH-206,CC|SPM,A-LH-206,X
THU,CSE-48,A-LH-201,CC|SPM,A-LH-201,ML,A-LH-201,UHV,A-LH-010,AI,A-LH-010,X,A-LH-010,X
FRI,CSE-48,---,X,A-LH-201,X,A-LH-201,CC|SPM,A-LH-104,AI,A-LH-104,ML,A-LH-104,UHV
SAT,CSE-48,---,X,---,X,---,X,A-DL-106,ML,A-DL-106,AI(L),A-DL-106,AI(L)
,,,,,,,,,,,,,
DAY,Section,ROOM1,8 TO 9,ROOM2,9 TO 10,ROOM2,10 to 11,ROOM4,11 TO 12,ROOM5,12 TO 1,ROOM6,1 TO 2
MON,CSE-49,---,X,A-DL-101,AI(L),A-DL-101,AI(L),A-LH-103,ML,A-LH-103,AI,A-LH-103,X
TUE,CSE-49,---,X,---,X,---,X,---,X,---,X,---,X
WED,CSE-49,A-LH-207,X,A-LH-207,ML,A-LH-207,UHV,A-DL-101,AD,A-DL-101,AD(L),A-DL-101,AD(L)
THU,CSE-49,---,X,A-LH-202,CC|SPM,A-LH-202,AI,A-LH-104,UHV,A-LH-104,ML,A-LH-104,X
FRI,CSE-49,A-LH-202,X,A-LH-202,UHV,A-LH-202,CC|SPM,---,X,---,X,---,X
SAT,CSE-49,---,X,---,X,---,X,B-306,AI,B-306,CC|SPM,B-306,ML
,,,,,,,,,,,,,
DAY,Section,ROOM1,8 TO 9,ROOM2,9 TO 10,ROOM2,10 to 11,ROOM4,11 TO 12,ROOM5,12 TO 1,ROOM6,1 TO 2
MON,CSE-50,A-LH-203,X,A-LH-203,AI,A-LH-203,CC|SPM,A-LH-104,ML,A-LH-104,UHV,A-LH-104,X
TUE,CSE-50,B-405,ML,WL-104,AI(L),WL-104,AI(L),A-LH-107,CC|SPM,A-LH-107,UHV,A-LH-107,X
WED,CSE-50,---,X,---,X,---,X,---,X,---,X,---,X
THU,CSE-50,---,X,A-LH-203,X,A-LH-203,X,WL-104,AD,WL-104,AD(L),WL-104,AD(L)
FRI,CSE-50,A-LH-203,ML,A-LH-203,UHV,A-LH-203,AI,---,X,---,X,---,X
SAT,CSE-50,---,X,A-LH-109,X,A-LH-109,CC|SPM,B-401,ML,B-401,AI,B-401,X
,,,,,,,,,,,,,
DAY,Section,ROOM1,8 TO 9,ROOM2,9 TO 10,ROOM2,10 to 11,ROOM4,11 TO 12,ROOM5,12 TO 1,ROOM6,1 TO 2
MON,CSE-51,---,X,A-LH-204,X,A-LH-204,ML,A-LH-105,CC|SPM,A-LH-105,AI,A-LH-105,UHV
TUE,CSE-51,A-LH-201,AI,A-LH-201,ML,A-LH-201,UHV,---,X,---,X,---,X
WED,CSE-51,---,X,A-LH-103,X,A-LH-103,UHV,A-DL-106,ML,A-DL-106,AI(L),A-DL-106,AI(L)
THU,CSE-51,---,X,---,X,---,X,---,X,---,X,---,X
FRI,CSE-51,B-305,AD,WL-103,AD(L),WL-103,AD(L),A-LH-105,ML,A-LH-105,CC|SPM,A-LH-105,X
SAT,CSE-51,---,X,A-LH-110,AI,A-LH-110,CC|SPM,---,X,---,X,---,X
,,,,,,,,,,,,,
DAY,Section,ROOM1,8 TO 9,ROOM2,9 TO 10,ROOM2,10 to 11,ROOM4,11 TO 12,ROOM5,12 TO 1,ROOM6,1 TO 2
MON,CSE-52,A-LH-205,AI,A-LH-205,CC|SPM,A-LH-205,UHV,---,X,---,X,---,X
TUE,CSE-52,---,X,A-LH-202,X,A-LH-202,X,A-LH-109,AI,A-LH-109,CC|SPM,A-LH-109,ML
WED,CSE-52,---,X,A-LH-201,UHV,A-LH-201,CC|SPM,A-LH-207,ML,A-LH-207,X,A-LH-207,X
THU,CSE-52,A-DL-106,ML,A-DL-106,AI(L),A-DL-106,AI(L),A-LH-105,AI,A-LH-105,UHV,A-LH-105,X
FRI,CSE-52,---,X,---,X,---,X,---,X,---,X,---,X
SAT,CSE-52,---,X,A-LH-206,X,A-LH-206,ML,A-LH-203,AD,WL-103,AD(L),WL-103,AD(L)
,,,,,,,,,,,,,
DAY,Section,ROOM1,8 TO 9,ROOM2,9 TO 10,ROOM2,10 to 11,ROOM4,11 TO 12,ROOM5,12 TO 1,ROOM6,1 TO 2
MON,CSE-53,---,X,B-203,X,B-203,X,A-DL-001,AD,A-DL-001,AD(L),A-DL-001,AD(L)
TUE,CSE-53,---,X,A-LH-203,X,A-LH-203,CC|SPM,A-LH-110,ML,A-LH-110,UHV,A-LH-110,AI
WED,CSE-53,---,X,A-LH-202,X,A-LH-202,AI,A-LH-103,CC|SPM,A-LH-103,ML,A-LH-103,X
THU,CSE-53,A-LH-204,ML,A-LH-204,CC|SPM,A-LH-204,UHV,---,X,---,X,---,X
FRI,CSE-53,B-306,ML,WL-104,AI(L),WL-104,AI(L),A-LH-107,AI,A-LH-107,UHV,A-LH-107,X
SAT,CSE-53,---,X,---,X,---,X,---,X,---,X,---,X
,,,,,,,,,,,,,
DAY,Section,ROOM1,8 TO 9,ROOM2,9 TO 10,ROOM2,10 to 11,ROOM4,11 TO 12,ROOM5,12 TO 1,ROOM6,1 TO 2
MON,CSE-54,---,X,---,X,---,X,---,X,---,X,---,X
TUE,CSE-54,---,X,A-LH-204,X,A-LH-204,UHV,A-DL-106,AD,A-DL-106,AD(L),A-DL-106,AD(L)
WED,CSE-54,---,X,A-LH-203,CC|SPM,A-LH-203,AI,A-LH-201,ML,A-LH-201,X,A-LH-201,X
THU,CSE-54,A-LH-205,X,A-LH-205,AI,A-LH-205,CC|SPM,A-LH-107,ML,A-LH-107,UHV,A-LH-107,X
FRI,CSE-54,---,X,A-LH-204,ML,A-LH-204,UHV,---,X,---,X,---,X
SAT,CSE-54,---,X,WL-103,AI(L),WL-103,AI(L),A-LH-204,AI,A-LH-204,ML,A-LH-204,CC|SPM
,,,,,,,,,,,,,
DAY,Section,ROOM1,8 TO 9,ROOM2,9 TO 10,ROOM2,10 to 11,ROOM4,11 TO 12,ROOM5,12 TO 1,ROOM6,1 TO 2
MON,CSE-55,A-DL-106,ML,A-DL-106,AI(L),A-DL-106,AI(L),A-LH-107,UHV,A-LH-107,AI,A-LH-107,X
TUE,CSE-55,---,X,---,X,---,X,---,X,---,X,---,X
WED,CSE-55,---,X,---,X,---,X,WL-103,AD,WL-103,AD(L),WL-103,AD(L)
THU,CSE-55,---,X,B-406,UHV,B-406,X,A-LH-109,AI,A-LH-109,ML,A-LH-109,CC|SPM
FRI,CSE-55,---,X,A-LH-205,X,A-LH-205,ML,A-LH-109,UHV,A-LH-109,CC|SPM,A-LH-109,X
SAT,CSE-55,---,X,---,X,---,X,B-402,ML,B-402,AI,B-402,CC|SPM
,,,,,,,,,,,,,
DAY,Section,ROOM1,8 TO 9,ROOM2,9 TO 10,ROOM2,10 to 11,ROOM4,11 TO 12,ROOM5,12 TO 1,ROOM6,1 TO 2
MON,IT-01,C-WL-102,ML,C-WL-102,DA(L),C-WL-102,DA(L),---,X,---,X,---,X
TUE,IT-01,---,X,---,X,---,X,C-LH-202,CC|SPM,C-LH-202,DSA,C-LH-202,UHV
WED,IT-01,---,X,---,X,---,X,---,X,---,X,---,X
THU,IT-01,---,X,C-LH-203,X,C-LH-203,DSA,C-LH-405,CC|SPM,C-LH-405,UHV,C-LH-405,ML
FRI,IT-01,---,X,C-LH-203,UHV,C-LH-203,ML,C-WL-103,AP,C-WL-103,AP(L),C-WL-103,AP(L)
SAT,IT-01,---,X,---,X,---,X,C-LH-403,ML,C-LH-403,CC|SPM,C-LH-403,DSA
,,,,,,,,,,,,,
DAY,Section,ROOM1,8 TO 9,ROOM2,9 TO 10,ROOM2,10 to 11,ROOM4,11 TO 12,ROOM5,12 TO 1,ROOM6,1 TO 2
MON,IT-2,C-LH-201,CC|SPM,C-LH-201,ML,C-LH-201,DSA,---,X,---,X,---,X
TUE,IT-2,---,X,C-LH-002,X,C-LH-002,UHV,C-WL-102,ML,C-WL-102,DA(L),C-WL-102,DA(L)
WED,IT-2,C-LH-201,ML,C-LH-201,DSA,C-LH-201,CC|SPM,C-LH-201,UHV,C-LH-201,X,C-LH-201,X
THU,IT-2,---,X,---,X,---,X,---,X,---,X,---,X
FRI,IT-2,C-LH-301,X,C-LH-301,CC|SPM,C-LH-301,ML,C-LH-404,DSA,C-LH-404,UHV,C-LH-404,X
SAT,IT-2,C-WL-102,AP,C-WL-102,AP(L),C-WL-102,AP(L),---,X,---,X,---,X
,,,,,,,,,,,,,
DAY,Section,ROOM1,8 TO 9,ROOM2,9 TO 10,ROOM2,10 to 11,ROOM4,11 TO 12,ROOM5,12 TO 1,ROOM6,1 TO 2
MON,IT-03,---,X,C-LH-004,X,C-LH-004,UHV,C-WL-101,AP,C-WL-101,AP(L),C-WL-101,AP(L)
TUE,IT-03,C-LH-403,CC|SPM,C-LH-403,DSA,C-LH-403,ML,---,X,---,X,---,X
WED,IT-03,C-WL-101,CC|SPM,C-WL-101,DA(L),C-WL-101,DA(L),C-LH-404,ML,C-LH-404,UHV,C-LH-404,X
THU,IT-03,---,X,C-LH-404,X,C-LH-404,UHV,C-LH-403,DSA,C-LH-403,ML,C-LH-403,CC|SPM
FRI,IT-03,---,X,---,X,---,X,---,X,---,X,---,X
SAT,IT-03,C-LH-404,DSA,C-LH-404,ML,C-LH-404,X,---,X,---,X,---,X
,,,,,,,,,,,,,
DAY,Section,ROOM1,8 TO 9,ROOM2,9 TO 10,ROOM2,10 to 11,ROOM4,11 TO 12,ROOM5,12 TO 1,ROOM6,1 TO 2
MON,IT-04,C-LH-306,CC|SPM,C-LH-306,ML,C-LH-306,X,---,X,---,X,---,X
TUE,IT-04,C-LH-004,X,C-LH-004,CC|SPM,C-LH-004,UHV,C-WL-101,AP,C-WL-101,AP(L),C-WL-101,AP(L)
WED,IT-04,C-LH-404,DSA,C-LH-404,ML,C-LH-404,CC|SPM,---,X,---,X,---,X
THU,IT-04,C-WL-101,ML,C-WL-101,DA(L),C-WL-101,DA(L),C-LH-404,DSA,C-LH-404,UHV,C-LH-404,X
FRI,IT-04,---,X,C-LH-404,X,C-LH-404,X,C-LH-403,UHV,C-LH-403,DSA,C-LH-403,ML
SAT,IT-04,---,X,---,X,---,X,---,X,---,X,---,X
,,,,,,,,,,,,,
DAY,Section,ROOM1,8 TO 9,ROOM2,9 TO 10,ROOM2,10 to 11,ROOM4,11 TO 12,ROOM5,12 TO 1,ROOM6,1 TO 2
MON,IT-05,---,X,---,X,---,X,---,X,---,X,---,X
TUE,IT-05,C-LH-405,ML,C-LH-405,CC|SPM,C-LH-405,DSA,C-LH-405,UHV,C-LH-405,X,C-LH-405,X
WED,IT-05,C-WL-401,AP,C-WL-401,AP(L),C-WL-401,AP(L),---,X,---,X,---,X
THU,IT-05,---,X,C-LH-405,DSA,C-LH-405,CC|SPM,C-LH-004,ML,C-LH-004,UHV,C-LH-004,X
FRI,IT-05,---,X,C-LH-405,X,C-LH-405,UHV,C-WL-401,ML,C-WL-401,DA(L),C-WL-401,DA(L)
SAT,IT-05,---,X,C-LH-405,DSA,C-LH-405,CC|SPM,C-LH-405,ML,---,X,---,X
,,,,,,,,,,,,,
DAY,Section,ROOM1,8 TO 9,ROOM2,9 TO 10,ROOM2,10 to 11,ROOM4,11 TO 12,ROOM5,12 TO 1,ROOM6,1 TO 2
MON,IT-06,C-LH-305,ML,C-LH-305,UHV,C-LH-305,CC|SPM,---,X,---,X,---,X
TUE,IT-06,---,X,---,X,---,X,---,X,---,X,---,X
WED,IT-06,---,X,C-LH-405,CC|SPM,C-LH-405,DSA,---,X,---,X,---,X
THU,IT-06,---,X,C-LH-201,ML,C-LH-201,UHV,C-WL-401,AP,C-WL-401,AP(L),C-WL-401,AP(L)
FRI,IT-06,C-LH-201,DSA,C-LH-201,UHV,C-LH-201,CC|SPM,C-LH-202,ML,C-LH-202,X,C-LH-202,X
SAT,IT-06,C-WL-401,ML,C-WL-401,DA(L),C-WL-401,DA(L),C-LH-201,DSA,---,X,---,X
,,,,,,,,,,,,,
DAY,Section,ROOM1,8 TO 9,ROOM2,9 TO 10,ROOM2,10 to 11,ROOM4,11 TO 12,ROOM5,12 TO 1,ROOM6,1 TO 2
MON,CSCE-01,ETC_WCNLAB,X,ETC_WCNLAB,WCN(L),ETC_WCNLAB,WCN(L),ETC_CL-3,CC,ETC_CL-3,UHV,ETC_CL-3,WMC
TUE,CSCE-01,C-LH-201,CC,C-LH-201,BC,C-LH-201,UHV,---,X,---,X,---,X
WED,CSCE-01,---,X,---,X,---,X,---,X,---,X,---,X
THU,CSCE-01,C-LH-202,X,C-LH-202,UHV,C-LH-202,WMC,---,X,---,X,---,X
FRI,CSCE-01,---,X,C-LH-004,BC,C-LH-004,WMC,C-WL-102,AP,C-WL-102,AP(L),C-WL-102,AP(L)
SAT,CSCE-01,---,X,---,X,---,X,C-LH-202,BC,C-LH-202,CC,C-LH-202,X
,,,,,,,,,,,,,
DAY,Section,ROOM1,8 TO 9,ROOM2,9 TO 10,ROOM2,10 to 11,ROOM4,11 TO 12,ROOM5,12 TO 1,ROOM6,1 TO 2
MON,CSCE-02,C-LH-202,UHV,C-LH-202,BC,C-LH-202,CC,---,X,---,X,---,X
TUE,CSCE-02,ETC_WCNLAB,X,ETC_WCNLAB,WCN(L),ETC_WCNLAB,WCN(L),ETC_CL-3,CC,ETC_CL-3,BC,ETC_CL-3,WMC
WED,CSCE-02,---,X,C-LH-202,WMC,C-LH-202,UHV,---,X,---,X,---,X
THU,CSCE-02,---,X,---,X,---,X,---,X,---,X,---,X
FRI,CSCE-02,C-LH-302,WMC,C-LH-302,UHV,C-LH-302,CC,---,X,---,X,---,X
SAT,CSCE-02,---,X,C-LH-402,X,C-LH-402,BC,C-WL-101,AP,C-WL-101,AP(L),C-WL-101,AP(L)
,,,,,,,,,,,,,
DAY,Section,ROOM1,8 TO 9,ROOM2,9 TO 10,ROOM2,10 to 11,ROOM4,11 TO 12,ROOM5,12 TO 1,ROOM6,1 TO 2
MON,CSCE-03,---,X,C-LH-203,UHV,C-LH-203,WMC,C-WL-102,AP,C-WL-102,AP(L),C-WL-102,AP(L)
TUE,CSCE-03,---,X,C-LH-301,CC,C-LH-301,WMC,---,X,---,X,---,X
WED,CSCE-03,ETC_WCNLAB,X,ETC_WCNLAB,WCN(L),ETC_WCNLAB,WCN(L),ETC_CL-3,BC,ETC_CL-3,UHV,ETC_CL-3,WMC
THU,CSCE-03,C-LH-301,BC,C-LH-301,UHV,C-LH-301,CC,---,X,---,X,---,X
FRI,CSCE-03,---,X,---,X,---,X,---,X,---,X,---,X
SAT,CSCE-03,---,X,C-LH-203,CC,C-LH-203,BC,---,X,---,X,---,X
,,,,,,,,,,,,,
DAY,Section,ROOM1,8 TO 9,ROOM2,9 TO 10,ROOM2,10 to 11,ROOM4,11 TO 12,ROOM5,12 TO 1,ROOM6,1 TO 2
MON,CSSE-01,ETC_CL-3,X,ETC_CL-3,CD,ETC_CL-3,UHV,ETC_WCNLAB,AAM,ETC_WCNLAB,AAM(L),ETC_WCNLAB,AAM(L)
TUE,CSSE-01,C-LH-302,DMDW,C-LH-302,UHV,C-LH-302,CD,---,X,---,X,---,X
WED,CSSE-01,---,X,---,X,---,X,C-WL-101,AP,C-WL-101,AP(L),C-WL-101,AP(L)
THU,CSSE-01,---,X,C-LH-302,AAM,C-LH-302,DMDW,C-LH-201,CD,C-LH-201,UHV,C-LH-201,X
FRI,CSSE-01,---,X,---,X,---,X,C-LH-303,AAM,C-LH-303,DMDW,C-LH-303,X
SAT,CSSE-01,---,X,---,X,---,X,---,X,---,X,---,X
,,,,,,,,,,,,,
DAY,Section,ROOM1,8 TO 9,ROOM2,9 TO 10,ROOM2,10 to 11,ROOM4,11 TO 12,ROOM5,12 TO 1,ROOM6,1 TO 2
MON,CSSE-02,---,X,---,X,---,X,---,X,---,X,---,X
TUE,CSSE-02,C-WL-101,CD,C-WL-101,AAM,C-WL-101,X,---,X,---,X,---,X
WED,CSSE-02,C-LH-403,CD,C-LH-403,DMDW,C-LH-403,UHV,---,X,---,X,---,X
THU,CSSE-02,C-LH-403,X,C-LH-403,UHV,C-LH-403,AAM,C-WL-101,AP,C-WL-101,AP(L),C-WL-101,AP(L)
FRI,CSSE-02,ETC_CL-3,X,ETC_MPLAB,AAM(L),ETC_MPLAB,AAM(L),ETC_CL-3,UHV,ETC_CL-3,AAM,ETC_CL-3,DMDW
SAT,CSSE-02,---,X,C-LH-403,CD,C-LH-403,DMDW,---,X,---,X,---,X
